<?xml version="1.0" encoding="UTF-8"?>
<project-private xmlns="http://www.netbeans.org/ns/project-private/1">
    <editor-bookmarks xmlns="http://www.netbeans.org/ns/editor-bookmarks/2" lastBookmarkId="0"/>
    <open-files xmlns="http://www.netbeans.org/ns/projectui-open-files/2">
        <group>
            <file>file:/C:/Users/sp070142/Documents/NetBeansProjects/EstudoString/src/exemplos/Exemplo03.java</file>
            <file>file:/C:/Users/sp070142/Documents/NetBeansProjects/EstudoString/src/exemplos/Exemplo02.java</file>
            <file>file:/C:/Users/sp070142/Documents/NetBeansProjects/EstudoString/src/exemplos/Exemplo04.java</file>
            <file>file:/C:/Users/sp070142/Documents/NetBeansProjects/EstudoString/src/exemplos/Exemplo01.java</file>
            <file>file:/C:/Users/sp070142/Documents/NetBeansProjects/EstudoString/src/exemplos/Exemplo05.java</file>
        </group>
    </open-files>
</project-private>
