<?xml version="1.0" encoding="UTF-8"?>
<project-private xmlns="http://www.netbeans.org/ns/project-private/1">
    <editor-bookmarks xmlns="http://www.netbeans.org/ns/editor-bookmarks/2" lastBookmarkId="0"/>
    <open-files xmlns="http://www.netbeans.org/ns/projectui-open-files/2">
        <group>
            <file>file:/C:/Users/LENOVO/OneDrive/Área%20de%20Trabalho/Programação/ESDC4Aula07/src/esdc4aula07/BinarySearchTreeSort.java</file>
            <file>file:/C:/Users/LENOVO/OneDrive/Área%20de%20Trabalho/Programação/ESDC4Aula07/src/esdc4aula07/BinarySearchTreeDupKeys.java</file>
            <file>file:/C:/Users/LENOVO/OneDrive/Área%20de%20Trabalho/Programação/ESDC4Aula07/src/esdc4aula07/TraversalTypes.java</file>
        </group>
    </open-files>
</project-private>
