<?xml version="1.0" encoding="UTF-8"?>
<project-private xmlns="http://www.netbeans.org/ns/project-private/1">
    <editor-bookmarks xmlns="http://www.netbeans.org/ns/editor-bookmarks/2" lastBookmarkId="0"/>
    <open-files xmlns="http://www.netbeans.org/ns/projectui-open-files/2">
        <group>
            <file>file:/C:/Users/sp070142/Documents/NetBeansProjects/Vetores/src/exemplo02/Asteroide.java</file>
            <file>file:/C:/Users/sp070142/Documents/NetBeansProjects/Vetores/src/exemplo02/ArrayAsteroide.java</file>
            <file>file:/C:/Users/sp070142/Documents/NetBeansProjects/Vetores/src/arrays/ExemploMatrizRagged.java</file>
            <file>file:/C:/Users/sp070142/Documents/NetBeansProjects/Vetores/src/arrays/Aleatorio.java</file>
            <file>file:/C:/Users/sp070142/Documents/NetBeansProjects/Vetores/src/arrays/ExemploArray.java</file>
        </group>
    </open-files>
</project-private>
