<?xml version="1.0" encoding="UTF-8"?>
<project-private xmlns="http://www.netbeans.org/ns/project-private/1">
    <editor-bookmarks xmlns="http://www.netbeans.org/ns/editor-bookmarks/2" lastBookmarkId="0"/>
    <open-files xmlns="http://www.netbeans.org/ns/projectui-open-files/2">
        <group>
            <file>file:/C:/Users/LENOVO/OneDrive/Área%20de%20Trabalho/Programação/GitHub/Projetos-Acadêmicos/Terceiro%20e%20Quarto%20Semestres/Estrutura%20de%20Dados/ESDC4Aula03/ESDC4Aula03/src/esdc4aula03/Exercicioi3p1.java</file>
            <file>file:/C:/Users/LENOVO/OneDrive/Área%20de%20Trabalho/Programação/GitHub/Projetos-Acadêmicos/Terceiro%20e%20Quarto%20Semestres/Estrutura%20de%20Dados/ESDC4Aula03/ESDC4Aula03/test/esdc4aula03/Exercicioi3p1Test.java</file>
        </group>
    </open-files>
</project-private>
