<?xml version="1.0" encoding="UTF-8"?>
<project-private xmlns="http://www.netbeans.org/ns/project-private/1">
    <editor-bookmarks xmlns="http://www.netbeans.org/ns/editor-bookmarks/2" lastBookmarkId="0"/>
    <open-files xmlns="http://www.netbeans.org/ns/projectui-open-files/2">
        <group>
            <file>file:/C:/Users/bv3025063/Documents/Compiladores/Projeto%2001%20-%20Analisador%20Léxico/Projeto01-Scanner/src/edu/citadel/cprl/Symbol.java</file>
            <file>file:/C:/Users/bv3025063/Documents/Compiladores/Projeto%2001%20-%20Analisador%20Léxico/Projeto01-Scanner/src/edu/citadel/cprl/Scanner.java</file>
        </group>
    </open-files>
</project-private>
