<?xml version="1.0" encoding="UTF-8"?>
<project-private xmlns="http://www.netbeans.org/ns/project-private/1">
    <editor-bookmarks xmlns="http://www.netbeans.org/ns/editor-bookmarks/2" lastBookmarkId="14">
        <file>
            <url>src/edu/citadel/cprl/Parser.java</url>
            <bookmark id="11">
                <name/>
                <line>261</line>
                <key/>
            </bookmark>
            <bookmark id="12">
                <name/>
                <line>640</line>
                <key/>
            </bookmark>
        </file>
    </editor-bookmarks>
    <open-files xmlns="http://www.netbeans.org/ns/projectui-open-files/2">
        <group>
            <file>file:/C:/Users/Adilson/Desktop/Projeto02-ParserV1/src/edu/citadel/cprl/Scanner.java</file>
        </group>
    </open-files>
</project-private>
