<?xml version="1.0" encoding="UTF-8"?>
<project-private xmlns="http://www.netbeans.org/ns/project-private/1">
    <editor-bookmarks xmlns="http://www.netbeans.org/ns/editor-bookmarks/2" lastBookmarkId="0"/>
    <open-files xmlns="http://www.netbeans.org/ns/projectui-open-files/2">
        <group>
            <file>file:/C:/Users/LENOVO/OneDrive/Área%20de%20Trabalho/Programação/Capítulo%202/Projetos2/TamanhoString/web/index.html</file>
            <file>file:/C:/Users/LENOVO/OneDrive/Área%20de%20Trabalho/Programação/Capítulo%202/Projetos2/TamanhoString/src/java/tamanhoservilets/TamanhoString.java</file>
        </group>
    </open-files>
</project-private>
