<?xml version="1.0" encoding="UTF-8"?>
<project-private xmlns="http://www.netbeans.org/ns/project-private/1">
    <editor-bookmarks xmlns="http://www.netbeans.org/ns/editor-bookmarks/2" lastBookmarkId="0"/>
    <open-files xmlns="http://www.netbeans.org/ns/projectui-open-files/2">
        <group>
            <file>file:/C:/Users/LENOVO/OneDrive/Área%20de%20Trabalho/Arquivos/BCC/6°%20Semestre/(DSOC6)%20-%20Desenvolvimento%20de%20Software%20para%20Web%20I/Capítulo%203/Projetos/TabelaArbitraria/web/index.html</file>
            <file>file:/C:/Users/LENOVO/OneDrive/Área%20de%20Trabalho/Arquivos/BCC/6°%20Semestre/(DSOC6)%20-%20Desenvolvimento%20de%20Software%20para%20Web%20I/Capítulo%203/Projetos/TabelaArbitraria/web/montadorTabela.jsp</file>
        </group>
    </open-files>
</project-private>
