<?xml version="1.0" encoding="UTF-8"?>
<project-private xmlns="http://www.netbeans.org/ns/project-private/1">
    <editor-bookmarks xmlns="http://www.netbeans.org/ns/editor-bookmarks/2" lastBookmarkId="3">
        <file>
            <url>src/edu/citadel/cprl/Parser.java</url>
            <bookmark id="1">
                <name/>
                <line>1073</line>
                <key/>
            </bookmark>
            <bookmark id="3">
                <name/>
                <line>1129</line>
                <key/>
            </bookmark>
        </file>
    </editor-bookmarks>
    <open-files xmlns="http://www.netbeans.org/ns/projectui-open-files/2">
        <group>
            <file>file:/C:/Users/LENOVO/OneDrive/Área%20de%20Trabalho/Programação/Projeto%2006%20-%20Geração%20de%20Código%20-%20LucasMello%20-%20AdilsonTavares/Projeto06-GeracaoDeCodigo/src/edu/citadel/cprl/ast/NotExpr.java</file>
        </group>
    </open-files>
</project-private>
