<?xml version="1.0" encoding="UTF-8"?>
<project-private xmlns="http://www.netbeans.org/ns/project-private/1">
    <editor-bookmarks xmlns="http://www.netbeans.org/ns/editor-bookmarks/2" lastBookmarkId="0"/>
    <open-files xmlns="http://www.netbeans.org/ns/projectui-open-files/2">
        <group>
            <file>file:/C:/Users/LENOVO/Downloads/LFOC4Aula01/LFOC4Aula01/src/lfoc4aula01/GeradorStrings.java</file>
            <file>file:/C:/Users/LENOVO/Downloads/LFOC4Aula01/LFOC4Aula01/test/lfoc4aula01/Exercicioi1p1Test.java</file>
            <file>file:/C:/Users/LENOVO/Downloads/LFOC4Aula01/LFOC4Aula01/test/lfoc4aula01/Exercicioi1p2Test.java</file>
            <file>file:/C:/Users/LENOVO/Downloads/LFOC4Aula01/LFOC4Aula01/src/lfoc4aula01/GeradorStringsEsqueleto.java</file>
        </group>
    </open-files>
</project-private>
